,CAND_ID,VOTECOUNT,VOTESHARE,WIN_LOSS
0,H0AL02087,113103.0,67.34,1
1,H0AL05163,115338.0,74.42,1
2,H0AL07086,133687.0,98.37,1
3,H0AR01083,124139.0,63.25,1
4,H0AR03055 ,151630.0,79.41,1
5,H0AS00018,3157.0,30.81,0
6,H0AZ01259 ,122560.0,69.96,1
7,H0AZ01325 ,87723.0,47.39,0
8,H0AZ04501,3496.0,4.83,0
9,H0CA03078,92521.0,50.4,1
10,H0CA08069,32197.0,16.75,0
11,H0CA10073,117502.0,67.27,1
12,H0CA10149,79224.0,52.72,1
13,H0CA11337,57729.0,47.63,0
14,H0CA15148,69561.0,51.75,1
15,H0CA17185,35010.0,24.82,0
16,H0CA19173,70582.0,56.15,1
17,H0CA27085,91996.0,76.5,1
18,H0CA27101,45315.0,34.36,0
19,H0CA32101,75728.0,59.36,1
20,H0CA33117,96787.0,84.28,1
21,H0CA34099,19171.0,38.82,0
22,H0CA48024,98161.0,60.17,1
23,H0CA49055,87104.0,58.84,1
24,H0CT03072,130009.0,61.93,1
25,H0CT04146,88209.0,44.37,0
26,H0CT05127,1970.0,0.92,0
27,H0CT05150,92404.0,43.32,0
28,H0DC00058 ,143923.0,83.73,1
29,H0DE01017,137251.0,59.26,1
30,H0DE01025,85146.0,36.76,0
31,H0FL02110 ,123262.0,49.35,0
32,H0FL02136,6671.0,2.7,0
33,H0FL04033,13.0,0.01,0
34,H0FL04066 ,177887.0,78.28,1
35,H0FL04116 ,13690.0,6.02,0
36,H0FL05139 ,181508.0,66.66,1
37,H0FL08208 ,143128.0,61.54,1
38,H0FL12101,128750.0,60.28,1
39,H0FL17068 ,129192.0,86.18,1
40,H0FL19080,153395.0,99.63,1
41,H0GA07125,130703.0,66.52,1
42,H0GA07133,113557.0,65.39,1
43,H0GA08099,129938.0,99.91,1
44,H0GA09030,118782.0,100.0,1
45,H0HI01157,86454.0,48.07,0
46,H0ID01253 ,143580.0,65.01,1
47,H0IL05096,116364.0,63.23,1
48,H0IL09080,72384.0,33.91,0
49,H0IL10302 ,95992.0,51.3,1
50,H0IL11052 ,153388.0,70.62,1
51,H0IL14080 ,145369.0,65.41,1
52,H0IL17059 ,88785.0,44.53,0
53,H0IN02125 ,102187.0,65.9,1
54,H0IN02190 ,85583.0,58.94,1
55,H0IN03198 ,102889.0,69.15,1
56,H0IN04170,94998.0,66.87,1
57,H0IN08114,103344.0,60.32,1
58,H0IN09070 ,101594.0,62.56,1
59,H0KS03137,134493.0,60.02,1
60,H0KS04051,138757.0,66.66,1
61,H0KY05015,171350.0,78.25,1
62,H0KY06104,147404.0,59.99,1
63,H0LA01087,189250.0,77.56,1
64,H0LA08017,17877.0,7.46,0
65,H0MA10082,140413.0,54.95,1
66,H0MI01088,130414.0,52.14,1
67,H0MI01187,2631.0,1.05,0
68,H0MI02086,2776.0,1.3,0
69,H0MI02094,135568.0,63.63,1
70,H0MI03126,125754.0,57.91,1
71,H0MI08109,2559.0,1.24,0
72,H0MN01045,103536.0,45.67,0
73,H0MN04049 ,147857.0,61.19,1
74,H0MO01066 ,119315.0,72.98,1
75,H0MO02213,75384.0,32.62,0
76,H0MO03179,8593.0,4.48,0
77,H0MO04086 ,120014.0,68.08,1
78,H0MO04151,66.0,0.03,0
79,H0MO06073 ,124616.0,66.65,1
80,H0MO07113 ,104054.0,63.46,1
81,H0MO08277,3759.0,2.36,0
82,H0MS01043,102622.0,67.91,1
83,H0MS04120,108776.0,69.92,1
84,H0NC02059,122128.0,58.83,1
85,H0ND01026,138100.0,55.54,1
86,H0NE03191 ,459.0,0.27,0
87,H0NH01217,125508.0,51.71,1
88,H0NH02181,130700.0,54.87,1
89,H0NJ02098,501.0,0.28,0
90,H0NJ05158,2435.0,1.29,0
91,H0NJ06198,531.0,0.36,0
92,H0NJ11123,3478.0,1.98,0
93,H0NJ12170,567.0,0.38,0
94,H0NV02167,3352.0,2.56,0
95,H0NV03058,88528.0,60.75,1
96,H0NY02085,80393.0,48.91,1
97,H0NY13074,48291.0,44.98,1
98,H0NY18065,53128.0,93.93,1
99,H0NY19139,66523.0,37.14,0
100,H0NY20095,102118.0,50.02,1
101,H0NY29054,94375.0,51.44,1
102,H0OH06189,111026.0,58.23,1
103,H0OH08029 ,126539.0,67.19,1
104,H0OH08128,10257.0,5.45,0
105,H0OH08136,6605.0,3.29,0
106,H0OH12062,150573.0,68.11,1
107,H0OH15099,51475.0,35.93,0
108,H0OH16097,132176.0,63.74,1
109,H0OH18077 ,143959.0,100.0,1
110,H0OR04081,116534.0,37.57,0
111,H0PA03271,113859.0,60.63,1
112,H0PA04220,127993.0,59.28,1
113,H0PA06076,119643.0,56.29,1
114,H0PA06084,92901.0,43.71,0
115,H0PA07082,145869.0,62.04,1
116,H0PA10078,112851.0,62.58,1
117,H0PA13080,60549.0,32.88,0
118,H0RI01073,87060.0,59.49,1
119,H0RI02139,105716.0,62.22,1
120,H0SC03077,116741.0,71.18,1
121,H0SC04257,126452.0,84.84,1
122,H0SC05031,103078.0,58.85,1
123,H0SD00054 ,183834.0,66.53,1
124,H0TN03254,97344.0,62.36,1
125,H0TN04195,84815.0,58.32,1
126,H0TN05150,55078.0,35.7,0
127,H0TN06257,115231.0,71.09,1
128,H0TN08246,122255.0,70.83,1
129,H0TN08329,4451.0,2.58,0
130,H0TN09061,27173.0,23.31,0
131,H0TX06065,55027.0,36.44,0
132,H0TX07055,90606.0,63.26,1
133,H0TX12147,41757.0,26.31,0
134,H0TX17104,85807.0,64.58,1
135,H0TX23086,57459.0,49.78,1
136,H0TX25107,2767.0,2.88,0
137,H0TX26105,24526.0,17.34,0
138,H0TX27061,83342.0,63.6,1
139,H0VA01185,5097.0,2.43,0
140,H0VA02084,101558.0,58.68,1
141,H0VA05095,124735.0,60.86,1
142,H0VA09055 ,117465.0,72.15,1
143,H0VA09113,39412.0,24.21,0
144,H0VA10145,3393.0,1.52,0
145,H0VI00037,1964.0,8.39,0
146,H0WA02080,122173.0,60.57,1
147,H0WA03161,99279.0,54.7,1
148,H0WA03187,124796.0,61.53,1
149,H0WA08046,124151.0,55.04,1
150,H0WI04090,68490.0,26.87,0
151,H0WI07051,169891.0,59.28,1
152,H0WI08075,188553.0,65.01,1
153,H0WV01072,92491.0,63.9,1
154,H2AK00143,21290.0,7.61,0
155,H2AL03032,103558.0,66.12,1
156,H2AS00030,201.0,1.96,0
157,H2AS00055,160.0,1.56,0
158,H2AZ04143,45179.0,25.79,0
159,H2AZ05132,70198.0,35.14,0
160,H2AZ07070 ,58192.0,55.72,1
161,H2AZ07146,46185.0,44.23,0
162,H2AZ08094,109547.0,49.94,0
163,H2AZ08102 ,109714.0,50.01,1
164,H2AZ08151,41066.0,24.19,0
165,H2AZ09019 ,88609.0,54.68,1
166,H2AZ09035 ,67841.0,41.86,0
167,H2CA00104,69091.0,55.99,1
168,H2CA00120,87176.0,51.33,1
169,H2CA02142,132052.0,61.03,1
170,H2CA06259,163124.0,74.99,1
171,H2CA06291,36448.0,27.31,0
172,H2CA08164,77480.0,67.65,1
173,H2CA15094,99756.0,69.81,1
174,H2CA16100,44943.0,49.27,0
175,H2CA19112,41900.0,32.79,0
176,H2CA20094,45907.0,57.83,1
177,H2CA23114,95566.0,48.07,0
178,H2CA26109,53225.0,46.66,0
179,H2CA27198,51852.0,40.64,0
180,H2CA28113,50096.0,74.61,1
181,H2CA30143,44697.0,72.54,1
182,H2CA31125,51622.0,51.73,1
183,H2CA33048,30208.0,61.18,1
184,H2CA36439,72682.0,54.18,1
185,H2CA37023,74540.0,65.74,1
186,H2CA38237,40288.0,40.91,0
187,H2CA39078,58192.0,59.09,1
188,H2CA43245,46948.0,56.64,1
189,H2CA50026,56373.0,68.79,1
190,H2CA50166,45302.0,28.8,0
191,H2CA52089,98826.0,51.59,1
192,H2CO01124,5236.0,1.88,0
193,H2CO01140,9292.0,3.34,0
194,H2CO02122,8623.0,3.12,0
195,H2CO03146,11294.0,4.02,0
196,H2CT01189,78609.0,36.08,0
197,H2CT02112,131294.0,57.6,1
198,H2CT05131,106256.0,49.82,1
199,H2DE00148,4419.0,1.91,0
200,H2DE00155,4801.0,2.07,0
201,H2FL00292 ,166254.0,62.54,1
202,H2FL00300 ,82263.0,36.76,0
203,H2FL01100 ,165086.0,70.15,1
204,H2FL03056,112340.0,65.47,1
205,H2FL06109 ,148691.0,64.98,1
206,H2FL08055 ,144474.0,63.6,1
207,H2FL14053,125404.0,58.03,1
208,H2FL20043 ,61519.0,37.33,0
209,H2FL21066,575.0,0.37,0
210,H2FL22072,151478.0,59.78,1
211,H2FL23021,128498.0,81.6,1
212,H2GA02031,96363.0,59.15,1
213,H2GA06107,71486.0,33.96,0
214,H2GA09150,146059.0,80.67,1
215,H2GA12121,91336.0,54.75,1
216,H2GA13012,159445.0,100.0,1
217,H2GU00033,20693.0,57.86,1
218,H2HI02508,142010.0,78.75,1
219,H2HI02524,33630.0,18.65,0
220,H2IA01055,147762.0,51.07,1
221,H2IA05072 ,169834.0,61.62,1
222,H2ID01143,7.0,0.0,0
223,H2ID02018,82801.0,38.64,0
224,H2IL01042,162268.0,73.09,1
225,H2IL01182,59749.0,26.91,0
226,H2IL02156,130.0,0.06,0
227,H2IL04145,22278.0,21.85,0
228,H2IL05183,11305.0,6.14,0
229,H2IL08039 ,79666.0,78.15,1
230,H2IL10068 ,91136.0,48.7,0
231,H2IL12122 ,87860.0,41.89,0
232,H2IL12130,11840.0,5.65,0
233,H2IL13120 ,123337.0,58.66,1
234,H2IL14078,76861.0,34.59,0
235,H2IL17071,110560.0,55.46,1
236,H2IL20042 ,166274.0,74.92,1
237,H2IN03152 ,39771.0,26.73,0
238,H2IN05082 ,105277.0,65.21,1
239,H2IN06239,45509.0,29.35,0
240,H2IN07088,6587.0,3.84,0
241,H2KY04121,150464.0,67.73,1
242,H2LA02107,37805.0,17.06,0
243,H2LA03063,22059.0,9.34,0
244,H2LA04129,55236.0,26.57,0
245,H2MA00014,111989.0,41.14,0
246,H2MA04073,184158.0,97.91,1
247,H2MA09072,200644.0,98.67,1
248,H2MD02160,120412.0,61.32,1
249,H2MD04299,6103.0,2.95,0
250,H2MD05155,144725.0,64.03,1
251,H2MD05510 ,3762.0,1.97,0
252,H2MD06138,87859.0,39.03,0
253,H2MD06195,94704.0,49.7,1
254,H2MD08126,136722.0,60.74,1
255,H2ME02154,31336.0,11.06,0
256,H2MI05101,4480.0,1.96,0
257,H2MI05119 ,148182.0,66.71,1
258,H2MI07073,4531.0,2.03,0
259,H2MI10101,67143.0,29.36,0
260,H2MI11133,1411.0,0.56,0
261,H2MI13170,3537.0,2.12,0
262,H2MI14111,165272.0,77.79,1
263,H2MI17023 ,136342.0,60.39,1
264,H2MN02122 ,95565.0,38.87,0
265,H2MN03062,101846.0,37.78,0
266,H2MN07014,130546.0,54.21,1
267,H2MN08111 ,129090.0,48.51,1
268,H2MO02102,148191.0,64.12,1
269,H2MO02151,7542.0,3.26,0
270,H2MO04116,9793.0,5.56,0
271,H2MO06202 ,55157.0,29.5,0
272,H2MO06228,7197.0,3.85,0
273,H2MO07093 ,47282.0,28.84,0
274,H2MS01114,3830.0,2.53,0
275,H2MS04209,3684.0,2.37,0
276,H2MS04225,37869.0,24.34,0
277,H2NC01081,139415.0,67.81,1
278,H2NC07096,134431.0,59.35,1
279,H2NC08185,121568.0,64.86,1
280,H2NC08219,65854.0,35.14,0
281,H2NC09134,163080.0,93.9,1
282,H2NC11080,144682.0,62.9,1
283,H2NC13110,153991.0,57.31,1
284,H2NE03023,45524.0,24.61,0
285,H2NJ02037,108875.0,61.46,1
286,H2NJ05014,109455.0,62.57,1
287,H2NJ08224,1022.0,1.29,0
288,H2NJ10154 ,95734.0,85.38,1
289,H2NM02126,95209.0,64.43,1
290,H2NM03157,70775.0,38.45,0
291,H2NV02205,11792.0,6.33,0
292,H2NV02395 ,122402.0,65.73,1
293,H2NV04011 ,59844.0,45.76,0
294,H2NY00010,47142.0,73.88,1
295,H2NY01067,68387.0,39.56,0
296,H2NY03089,76659.0,55.02,1
297,H2NY06116,49227.0,87.96,1
298,H2NY08120,6673.0,7.94,0
299,H2NY09110,9727.0,10.51,0
300,H2NY10092,70469.0,83.89,1
301,H2NY13062,2687.0,2.5,0
302,H2NY14037,78440.0,69.15,1
303,H2NY17071,73945.0,72.58,1
304,H2NY22139,76235.0,42.57,1
305,H2OH02085,132658.0,65.96,1
306,H2OH02093,72604.0,36.78,0
307,H2OH03067,130752.0,65.18,1
308,H2OH03125 ,91769.0,64.06,1
309,H2OH05039 ,9344.0,4.62,0
310,H2OH07142,17.0,0.01,0
311,H2OH09031,108870.0,67.74,1
312,H2OH14064 ,135736.0,63.26,1
313,H2OH15095 ,66125.0,33.98,0
314,H2OH17109,120230.0,68.49,1
315,H2OK02083,110925.0,70.03,1
316,H2OK02166,38964.0,24.6,0
317,H2OK04055,117721.0,70.8,1
318,H2OR01133 ,160038.0,57.31,1
319,H2OR01216,11163.0,4.0,0
320,H2OR01224,11213.0,4.02,0
321,H2OR05175,6208.0,2.21,0
322,H2PA02055,181141.0,87.7,1
323,H2PA04135,147090.0,74.54,1
324,H2PA09035,110094.0,63.52,1
325,H2PA09043,63223.0,36.48,0
326,H2PA11098,122464.0,66.31,1
327,H2PA17079,93680.0,56.76,1
328,H2PA18143,166076.0,100.0,1
329,H2SC02042,125747.0,72.51,1
330,H2SC02059,121649.0,62.45,1
331,H2SC07066,102833.0,59.95,1
332,H2TN01098,4148.0,2.97,0
333,H2TN02112,4033.0,2.42,0
334,H2TN03144,53983.0,34.58,0
335,H2TN05131,96148.0,62.32,1
336,H2TN06030,110534.0,70.0,1
337,H2TN07194,5093.0,3.23,0
338,H2TN08077,3452.0,2.0,0
339,H2TN08119,42433.0,24.59,0
340,H2TX00015,93041.0,87.95,1
341,H2TX01062,33476.0,22.53,0
342,H2TX02102,1312.0,0.87,0
343,H2TX03118,113404.0,82.01,1
344,H2TX03126,96495.0,61.82,1
345,H2TX05121,88998.0,85.36,1
346,H2TX06160,3635.0,2.41,0
347,H2TX07036,49478.0,34.55,0
348,H2TX10113,60243.0,34.14,0
349,H2TX11095,5706.0,3.99,0
350,H2TX14149,90116.0,61.85,1
351,H2TX15088,2460.0,2.73,0
352,H2TX16185,49338.0,67.49,1
353,H2TX16201,21324.0,29.17,0
354,H2TX18140,26249.0,24.76,0
355,H2TX20062,27831.0,14.73,0
356,H2TX22126,924.0,0.7,0
357,H2TX23082,62508.0,82.1,1
358,H2TX23124,55037.0,47.68,0
359,H2TX24114,46548.0,32.31,0
360,H2TX26093,116944.0,82.66,1
361,H2TX27190,47503.0,59.47,1
362,H2TX29030,41321.0,89.55,1
363,H2TX29105,4822.0,10.45,0
364,H2TX30103,4276.0,2.74,0
365,H2TX31044,91607.0,64.05,1
366,H2TX33040,107120.0,60.22,1
367,H2TX33073,43769.0,86.51,1
368,H2TX35011,66554.0,75.66,1
369,H2TX35029,32040.0,33.3,0
370,H2TX36134,29543.0,22.07,0
371,H2UT01094,84231.0,64.78,1
372,H2UT01235,36422.0,28.01,0
373,H2UT02324,88915.0,60.82,1
374,H2UT03140,3328.0,2.28,0
375,H2UT04023,74936.0,50.92,1
376,H2UT04056,1351.0,0.92,0
377,H2VA04052 ,120684.0,60.15,1
378,H2VA05059,2209.0,1.08,0
379,H2VA06115,133898.0,74.51,1
380,H2VA11164,1739.0,0.93,0
381,H2VI00082,21224.0,90.65,1
382,H2VT00110,59432.0,31.03,0
383,H2WA06129,141265.0,62.98,1
384,H2WI01084,105552.0,36.63,0
385,H2WI01092,29.0,0.01,0
386,H2WI02124,224920.0,68.4,1
387,H2WV01037,52109.0,36.0,0
388,H2WY00125,7112.0,4.31,0
389,H2WY00133,6749.0,4.09,0
390,H4AK00123,114602.0,40.97,0
391,H4AL01123,103758.0,68.16,1
392,H4AL01156,48278.0,31.71,0
393,H4AL02071,54692.0,32.56,0
394,H4AL03061,52816.0,33.72,0
395,H4AL05082,39005.0,25.17,0
396,H4AL05130,26606.0,11.11,0
397,H4AL06098,135945.0,76.18,1
398,H4AL06148,42291.0,23.7,0
399,H4AR01051 ,63555.0,32.38,0
400,H4AR01069,8562.0,4.36,0
401,H4AR02133 ,103477.0,43.6,0
402,H4AR02141 ,123073.0,51.86,1
403,H4AR02174 ,10590.0,4.46,0
404,H4AR02182 ,190.0,0.08,0
405,H4AR03057,39305.0,20.59,0
406,H4AR04030 ,2.0,0.0,0
407,H4AR04048 ,110789.0,53.75,1
408,H4AR04063 ,87742.0,42.57,0
409,H4AR04071,7598.0,3.69,0
410,H4AS00036,4306.0,42.03,1
411,H4AS00069,652.0,6.36,0
412,H4AS00077,143.0,1.4,0
413,H4AS00085,1130.0,11.03,0
414,H4AS00093,229.0,2.24,0
415,H4AZ01038 ,124867.0,69.58,1
416,H4AZ02119,5612.0,3.46,0
417,H4AZ02150,56.0,0.03,0
418,H4AZ02168,48.0,0.02,0
419,H4AZ03075,43.0,0.04,0
420,H4AZ03083 ,8.0,0.01,0
421,H4AZ04024,128710.0,75.81,1
422,H4AZ04099,7440.0,4.25,0
423,H4AZ05088,54596.0,30.42,0
424,H4AZ06045,129578.0,64.86,1
425,H4AZ07043 ,54235.0,74.85,1
426,H4AZ07100,4.0,0.01,0
427,H4AZ07118,17.0,0.02,0
428,H4AZ07126,129.0,0.18,0
429,H4CA01066,84320.0,38.97,0
430,H4CA02098,54400.0,25.01,0
431,H4CA03096,71036.0,47.28,0
432,H4CA04102,84350.0,39.95,0
433,H4CA05257,41535.0,24.27,0
434,H4CA10075,55123.0,43.85,0
435,H4CA11081,63475.0,52.37,1
436,H4CA11107,57160.0,32.73,0
437,H4CA12055,64847.0,48.25,0
438,H4CA13087,21940.0,11.52,0
439,H4CA15066,43150.0,30.19,0
440,H4CA16049,85888.0,67.21,1
441,H4CA17021,106034.0,75.18,1
442,H4CA18060,34757.0,23.3,0
443,H4CA18094,63326.0,32.25,0
444,H4CA20082,46277.0,50.73,1
445,H4CA21072,33470.0,42.17,0
446,H4CA22104,37289.0,27.96,0
447,H4CA23011,69681.0,70.96,1
448,H4CA23151,33726.0,25.16,0
449,H4CA25123,60847.0,53.34,1
450,H4CA26147,82653.0,48.67,0
451,H4CA28077,28268.0,23.5,0
452,H4CA29133,17045.0,25.39,0
453,H4CA31071,48162.0,48.27,0
454,H4CA32103,34053.0,40.34,0
455,H4CA33119,108331.0,59.19,1
456,H4CA33135,74700.0,40.81,0
457,H4CA34075,16924.0,27.46,0
458,H4CA35031,39502.0,63.45,1
459,H4CA35049,22753.0,36.55,0
460,H4CA36120,61457.0,45.82,0
461,H4CA37078,18051.0,15.72,0
462,H4CA39041,41906.0,31.46,0
463,H4CA41120,35936.0,43.36,0
464,H4CA42086,38850.0,34.26,0
465,H4CA43084,28521.0,29.04,0
466,H4CA44165,9192.0,13.35,0
467,H4CA45097,106083.0,65.12,1
468,H4CA46129,33577.0,40.3,0
469,H4CA47069,54309.0,44.01,0
470,H4CA48042,62713.0,35.88,0
471,H4CA49099,64981.0,39.83,0
472,H4CA49107,56819.0,34.88,0
473,H4CA51079,25577.0,31.21,0
474,H4CA52051,92746.0,48.41,0
475,H4CA53059,60940.0,41.16,0
476,H4CO00023,100364.0,35.7,0
477,H4CO01112,80682.0,28.97,0
478,H4CO01138,1.0,0.0,0
479,H4CO01146,2.0,0.0,0
480,H4CO02094,149645.0,43.26,0
481,H4CO03274,6472.0,2.3,0
482,H4CO04074,83727.0,29.22,0
483,H4CO04082,8016.0,2.8,0
484,H4CO04090,185292.0,64.67,1
485,H4CO04140,9472.0,3.31,0
486,H4CO05055,105673.0,40.2,0
487,H4CO06087,118847.0,42.99,0
488,H4CO07036,120918.0,44.93,0
489,H4CT01060,3447.0,1.58,0
490,H4CT02068,80837.0,35.46,0
491,H4CT02084,2549.0,1.12,0
492,H4CT03082,69454.0,33.08,0
493,H4DC00076,9101.0,5.29,0
494,H4DC00092,11673.0,6.79,0
495,H4FL01155 ,15281.0,6.49,0
496,H4FL02062,126096.0,50.48,1
497,H4FL02070 ,422.0,0.17,0
498,H4FL03102 ,6208.0,2.71,0
499,H4FL03110 ,73910.0,32.3,0
500,H4FL04043 ,35663.0,15.69,0
501,H4FL05065,59237.0,34.53,0
502,H4FL06022,99563.0,37.46,0
503,H4FL07087 ,73011.0,32.14,0
504,H4FL08085 ,93724.0,34.14,0
505,H4FL08093,61.0,0.02,0
506,H4FL09083 ,74963.0,43.11,0
507,H4FL09091,89426.0,38.45,0
508,H4FL09133,5060.0,2.91,0
509,H4FL09141 ,5.0,0.0,0
510,H4FL10115,20.0,0.01,0
511,H4FL11071,90786.0,33.34,0
512,H4FL13077,55318.0,24.74,0
513,H4FL13101,168172.0,75.22,1
514,H4FL13150 ,86.0,0.04,0
515,H4FL15155 ,84832.0,39.72,0
516,H4FL16146 ,105483.0,38.38,0
517,H4FL16153,220.0,0.08,0
518,H4FL18068 ,101896.0,40.22,0
519,H4FL19058,80824.0,32.74,0
520,H4FL19074 ,159354.0,64.55,1
521,H4FL19082,12.0,0.0,0
522,H4FL20023,103269.0,62.67,1
523,H4FL20064,28968.0,18.4,0
524,H4FL22102 ,7.0,0.0,0
525,H4FL22110 ,90685.0,41.97,0
526,H4FL24025,5487.0,3.66,0
527,H4FL26038 ,83031.0,51.46,1
528,H4GA01039,95337.0,60.91,1
529,H4GA01120,61175.0,39.09,0
530,H4GA02060,66537.0,40.85,0
531,H4GA04058,109.0,0.07,0
532,H4GA04124,60112.0,34.61,0
533,H4GA06087,139018.0,66.04,1
534,H4GA08067,156277.0,100.0,1
535,H4GA09057,34988.0,19.33,0
536,H4GA10089,65777.0,33.48,0
537,H4GA11061,161532.0,100.0,1
538,H4GA12010,75478.0,45.25,0
539,H4GU00021,14956.0,41.82,0
540,H4HI01134,93390.0,51.93,1
541,H4HI02116,4693.0,2.6,0
542,H4IA01069 ,141145.0,48.79,0
543,H4IA03065 ,119109.0,42.23,0
544,H4IA03115 ,148814.0,52.76,1
545,H4IA03131,9054.0,3.21,0
546,H4IA03149,4360.0,1.55,0
547,H4IA04113 ,105504.0,38.28,0
548,H4ID01081 ,77277.0,34.99,0
549,H4IL00032 ,63810.0,29.38,0
550,H4IL02301,43799.0,21.44,0
551,H4IL02343 ,160337.0,78.49,1
552,H4IL03077,116764.0,64.56,1
553,H4IL03093,64091.0,35.44,0
554,H4IL06104 ,78465.0,32.86,0
555,H4IL07037,155110.0,85.1,1
556,H4IL07151,27168.0,14.9,0
557,H4IL08126,66878.0,44.27,0
558,H4IL11195 ,81335.0,46.54,0
559,H4IL12060,110038.0,52.46,1
560,H4IL13175,86935.0,41.34,0
561,H4IL15071 ,55652.0,25.08,0
562,H4IL17077,16.0,0.01,0
563,H4IL18117,62377.0,25.28,0
564,H4IN01012 ,86579.0,60.85,1
565,H4IN01152,4714.0,3.31,0
566,H4IN02135 ,55590.0,38.29,0
567,H4IN02168,4027.0,2.77,0
568,H4IN04172,47056.0,33.13,0
569,H4IN05120 ,49756.0,30.82,0
570,H4IN05153,6407.0,3.97,0
571,H4IN06110,7375.0,4.76,0
572,H4IN07183,3931.0,3.5,0
573,H4IN08207 ,61384.0,35.83,0
574,H4IN09072,55016.0,33.88,0
575,H4IN09130,5777.0,3.56,0
576,H4KS01075,65397.0,32.03,0
577,H4KS02115,87153.0,38.62,0
578,H4KS02123,9791.0,4.34,0
579,H4KS03188,89584.0,39.98,0
580,H4KS04111,69396.0,33.34,0
581,H4KY01016,63596.0,26.88,0
582,H4KY01040,173022.0,73.12,1
583,H4KY02089,69898.0,30.81,0
584,H4KY03210,87981.0,35.57,0
585,H4KY03244,2318.0,0.94,0
586,H4KY06130,98290.0,40.01,0
587,H4LA01139,8707.0,3.57,0
588,H4LA01147 ,21286.0,8.72,0
589,H4LA02087,15237.0,6.88,0
590,H4LA02103 ,16327.0,7.37,0
591,H4LA03119,28342.0,12.0,0
592,H4LA05080 ,67611.0,28.22,0
593,H4LA05098,1655.0,0.69,0
594,H4LA05171,4037.0,1.56,0
595,H4LA05213,4594.0,1.92,0
596,H4LA05221,55489.0,23.16,0
597,H4LA05239,9890.0,4.13,0
598,H4LA05247,53628.0,22.39,0
599,H4LA05262,2201.0,0.92,0
600,H4LA06047,3561.0,1.38,0
601,H4LA06062,7309.0,2.83,0
602,H4LA06088,35024.0,13.55,0
603,H4LA06112,26524.0,10.26,0
604,H4LA06120,1447.0,0.56,0
605,H4LA06138,1848.0,0.71,0
606,H4LA06146,5815.0,2.25,0
607,H4LA06153,70715.0,27.36,0
608,H4LA06161,77866.0,30.12,0
609,H4LA06179,19151.0,7.41,0
610,H4LA07029,185867.0,78.67,1
611,H4MA03022,169640.0,98.2,1
612,H4MA03097,81638.0,36.95,0
613,H4MA05084,182100.0,98.29,1
614,H4MA05167,1.0,0.0,0
615,H4MA06090,149638.0,54.97,1
616,H4MA06124 ,10373.0,3.81,0
617,H4MA09078,114971.0,44.99,0
618,H4MD01101,73843.0,29.49,0
619,H4MD02166,5326.0,2.71,0
620,H4MD02174,70411.0,35.86,0
621,H4MD03123 ,87029.0,40.3,0
622,H4MD04121,54217.0,28.26,0
623,H4MD05169,80752.0,35.72,0
624,H4MD05177,227.0,0.1,0
625,H4MD06191,91930.0,48.25,0
626,H4MD07074,55860.0,27.01,0
627,H4MD08205,102.0,0.05,0
628,H4ME00014,27410.0,8.87,0
629,H4ME01137,94751.0,30.67,0
630,H4ME02200 ,118556.0,41.83,0
631,H4ME02234,133308.0,47.03,1
632,H4MI01114,113263.0,45.28,0
633,H4MI01148,3823.0,1.53,0
634,H4MI02104 ,70851.0,33.25,0
635,H4MI02112 ,3877.0,1.82,0
636,H4MI03227 ,84720.0,39.01,0
637,H4MI03235 ,6691.0,3.08,0
638,H4MI04126,123962.0,56.49,1
639,H4MI04134,85777.0,39.09,0
640,H4MI04142,4990.0,2.27,0
641,H4MI05123 ,69222.0,31.16,0
642,H4MI05149,102269.0,42.06,0
643,H4MI05156,4734.0,2.13,0
644,H4MI06105,84391.0,40.38,0
645,H4MI06121,5530.0,2.65,0
646,H4MI06139,2254.0,1.08,0
647,H4MI07103,119564.0,53.45,1
648,H4MI07178,92083.0,41.17,0
649,H4MI07186 ,4369.0,1.95,0
650,H4MI07202,3138.0,1.4,0
651,H4MI08093,4694.0,2.14,0
652,H4MI08101,1680.0,0.69,0
653,H4MI08135 ,132739.0,54.6,1
654,H4MI08168,4557.0,1.87,0
655,H4MI08176 ,1880.0,0.77,0
656,H4MI09075,81470.0,36.09,0
657,H4MI09083,4792.0,2.12,0
658,H4MI09091,3153.0,1.4,0
659,H4MI11097,140435.0,55.9,1
660,H4MI11105 ,101681.0,40.47,0
661,H4MI12061 ,64716.0,31.32,0
662,H4MI12079 ,134346.0,65.01,1
663,H4MI13200,27234.0,16.31,0
664,H4MI13218 ,3466.0,2.08,0
665,H4MI13226,41801.0,19.67,0
666,H4MI14190,1999.0,0.94,0
667,H4MI14208,30.0,0.01,0
668,H4MN02136,12319.0,5.01,0
669,H4MN04116 ,79492.0,32.9,0
670,H4MN04124,14059.0,5.82,0
671,H4MN05071,56577.0,23.97,0
672,H4MN05089,12001.0,5.08,0
673,H4MN06087 ,133328.0,56.29,1
674,H4MN06129 ,90926.0,38.39,0
675,H4MN06137,12457.0,5.26,0
676,H4MN07077 ,109955.0,45.66,0
677,H4MN08083 ,125358.0,47.11,0
678,H4MN08091,11450.0,4.3,0
679,H4MO01118,35273.0,21.57,0
680,H4MO03171,52021.0,27.15,0
681,H4MO04120,46464.0,26.36,0
682,H4MO05234 ,79256.0,51.59,1
683,H4MO05341 ,5308.0,3.45,0
684,H4MO07107,12584.0,7.68,0
685,H4MO08162 ,106124.0,66.65,1
686,H4MO08188,3799.0,2.39,0
687,H4MO08212,38721.0,24.32,0
688,H4MO08220,6821.0,4.28,0
689,H4MP00016,4547.0,34.72,0
690,H4MS00013,47744.0,27.93,0
691,H4MS01102,1541.0,0.9,0
692,H4MS01110,43713.0,28.93,0
693,H4MS01128,946.0,0.63,0
694,H4MS02068,100688.0,67.74,1
695,H4MS02183,36465.0,24.53,0
696,H4MS02191,11493.0,7.73,0
697,H4MS03058,3890.0,2.28,0
698,H4MS04106,857.0,0.55,0
699,H4MS04148,3473.0,2.23,0
700,H4MS04155,917.0,0.59,0
701,H4MT00068,148690.0,40.41,0
702,H4MT01041,203871.0,55.41,1
703,H4NC01046,154333.0,73.38,1
704,H4NC01095,55990.0,26.62,0
705,H4NC02127,85479.0,41.17,0
706,H4NC04115,57416.0,25.25,0
707,H4NC05146,139279.0,61.02,1
708,H4NC05245,88973.0,38.98,0
709,H4NC06052,147312.0,58.67,1
710,H4NC06086,103758.0,41.33,0
711,H4NC07068,84054.0,37.11,0
712,H4NC07100,7850.0,3.47,0
713,H4NC07118,6.0,0.0,0
714,H4NC09130,2369.0,1.36,0
715,H4NC10047,133504.0,61.02,1
716,H4NC10104,85292.0,38.98,0
717,H4NC11086,85342.0,37.1,0
718,H4NC12100,127668.0,75.43,1
719,H4NC12134,42568.0,24.65,0
720,H4NC13033,114718.0,42.69,0
721,H4ND00046,95678.0,38.48,0
722,H4ND01028,14531.0,5.84,0
723,H4NE01064,123219.0,68.82,1
724,H4NE01163,55838.0,31.18,0
725,H4NE02054,83872.0,48.9,1
726,H4NH02241,106871.0,44.87,0
727,H4NJ01084 ,92786.0,57.53,1
728,H4NJ01092,63727.0,39.51,0
729,H4NJ01142,2373.0,1.47,0
730,H4NJ01142 ,1784.0,1.1,0
731,H4NJ01159,634.0,0.39,0
732,H4NJ01167,449.0,0.28,0
733,H4NJ01167 ,742.0,0.46,0
734,H4NJ02140 ,66026.0,37.27,0
735,H4NJ02165,471.0,0.27,0
736,H4NJ02173,663.0,0.37,0
737,H4NJ03106,82537.0,44.35,0
738,H4NJ03130 ,100471.0,53.99,1
739,H4NJ03163,3095.0,1.66,0
740,H4NJ04120,54415.0,31.12,0
741,H4NJ04138 ,1608.0,0.92,0
742,H4NJ05135,81808.0,43.3,0
743,H4NJ06109 ,46891.0,38.93,0
744,H4NJ06117,1376.0,1.14,0
745,H4NJ07099 ,68232.0,38.77,0
746,H4NJ08071,15141.0,19.04,0
747,H4NJ08097,653.0,0.82,0
748,H4NJ09111,36246.0,30.09,0
749,H4NJ09129,1715.0,1.42,0
750,H4NJ10101 ,14154.0,12.62,0
751,H4NJ10119,998.0,0.89,0
752,H4NJ10127 ,1237.0,1.1,0
753,H4NJ11091,65477.0,37.43,0
754,H4NJ12123 ,54168.0,36.51,0
755,H4NJ12149,90430.0,60.95,1
756,H4NJ12164 ,450.0,0.3,0
757,H4NJ12172,1330.0,0.9,0
758,H4NM01116,74558.0,41.41,0
759,H4NM02072,52499.0,35.53,0
760,H4NM02080,69.0,0.05,0
761,H4NM03088,52.0,0.03,0
762,H4NV01153,30413.0,37.87,0
763,H4NV01179 ,2617.0,3.26,0
764,H4NV01187,1626.0,2.02,0
765,H4NV02151,52016.0,27.93,0
766,H4NV03084 ,52644.0,36.13,0
767,H4NV03118,1566.0,1.07,0
768,H4NV03126 ,1637.0,1.12,0
769,H4NV03134 ,1344.0,0.92,0
770,H4NV04017 ,63466.0,48.53,1
771,H4NV04058 ,4119.0,3.15,0
772,H4NY02061,2281.0,1.64,0
773,H4NY03077,63219.0,38.46,0
774,H4NY04075,83772.0,49.25,1
775,H4NY04091,67811.0,39.87,0
776,H4NY05106,3870.0,4.85,0
777,H4NY07110,5713.0,8.95,0
778,H4NY10106,12042.0,11.82,0
779,H4NY10114,554.0,0.54,0
780,H4NY11138,70997.0,76.7,1
781,H4NY12052,19564.0,17.25,0
782,H4NY13076,9806.0,12.52,0
783,H4NY14090,6735.0,11.77,0
784,H4NY15121,1047.0,1.85,0
785,H4NY15139,568.0,1.0,0
786,H4NY17135,63549.0,36.51,0
787,H4NY18109,4294.0,2.4,0
788,H4NY19115,60533.0,29.65,0
789,H4NY20121,61820.0,30.26,0
790,H4NY21079,79615.0,45.58,1
791,H4NY21103,53140.0,30.42,0
792,H4NY21111,19238.0,11.01,0
793,H4NY23067,60233.0,32.83,0
794,H4NY24073,93881.0,47.12,1
795,H4NY26052,38477.0,23.16,0
796,H4NY27076,100648.0,60.59,1
797,H4NY27118,50939.0,25.01,0
798,H4NY29098,75990.0,39.38,0
799,H4OH02156 ,68453.0,34.04,0
800,H4OH04046,60165.0,32.33,0
801,H4OH05043,58507.0,28.92,0
802,H4OH06074 ,73561.0,38.58,0
803,H4OH06090 ,6065.0,3.18,0
804,H4OH08070 ,51534.0,27.36,0
805,H4OH09086,112.0,0.07,0
806,H4OH09102 ,51704.0,32.17,0
807,H4OH09128,29.0,0.02,0
808,H4OH10167 ,63249.0,31.53,0
809,H4OH11066,35461.0,20.55,0
810,H4OH12064 ,9148.0,4.14,0
811,H4OH12072 ,61360.0,27.75,0
812,H4OH13104,86.0,0.05,0
813,H4OH14102,70856.0,33.02,0
814,H4OH16115 ,75199.0,36.26,0
815,H4OK02162,8518.0,5.38,0
816,H4OK04150,7549.0,4.54,0
817,H4OK05066,40998.0,24.66,0
818,H4OK05124,57790.0,36.32,0
819,H4OK05132,95632.0,60.1,1
820,H4OK05173,2065.0,1.3,0
821,H4OK05181,1470.0,0.92,0
822,H4OK06056,133335.0,78.62,1
823,H4OR01113,96245.0,34.47,0
824,H4OR02178 ,73785.0,25.67,0
825,H4OR02202,10491.0,3.65,0
826,H4OR03101,57424.0,19.61,0
827,H4OR03127,6381.0,2.18,0
828,H4OR03135,4009.0,1.37,0
829,H4OR04109,4676.0,1.51,0
830,H4OR05239 ,110332.0,39.25,0
831,H4OR05247,7674.0,2.73,0
832,H4OR05262,5198.0,1.85,0
833,H4PA00048,50250.0,25.46,0
834,H4PA01103,27193.0,17.16,0
835,H4PA02051,25397.0,12.3,0
836,H4PA03109,73931.0,39.37,0
837,H4PA05062,65839.0,36.4,0
838,H4PA07092,89256.0,37.96,0
839,H4PA08074,137731.0,61.9,1
840,H4PA08108,84767.0,38.1,0
841,H4PA10054,44737.0,24.81,0
842,H4PA10062,22734.0,12.61,0
843,H4PA11052,62228.0,33.69,0
844,H4PA12043,87928.0,40.72,0
845,H4PA13199,123601.0,67.12,1
846,H4PA15087,128285.0,100.0,1
847,H4PA16085,74513.0,42.28,0
848,H4PA17125,71371.0,43.24,0
849,H4PA18131,148351.0,100.0,1
850,H4RI01125,58877.0,40.23,0
851,H4RI02107,63844.0,37.58,0
852,H4SC01073,119392.0,93.41,1
853,H4SC02063,4158.0,2.13,0
854,H4SC03129,47181.0,28.77,0
855,H4SC04085,21969.0,14.74,0
856,H4SC05058,66802.0,38.14,0
857,H4SC06080,44311.0,25.55,0
858,H4SC06098,3176.0,1.83,0
859,H4SC07013,68576.0,39.98,0
860,H4SD00049 ,92485.0,33.47,0
861,H4TN01144,9906.0,7.1,0
862,H4TN02076,4223.0,2.53,0
863,H4TN03181,4770.0,3.06,0
864,H4TN04171,51357.0,35.32,0
865,H4TN04213,9246.0,6.36,0
866,H4TN05103,3050.0,1.98,0
867,H4TN06168,37232.0,22.97,0
868,H4TN06184,9634.0,5.94,0
869,H4TN07117,42280.0,26.78,0
870,H4TN08081,4.0,0.0,0
871,H4TN09071,766.0,0.66,0
872,H4TN09089,483.0,0.41,0
873,H4TN09097,752.0,0.65,0
874,H4TX02108,101936.0,67.95,1
875,H4TX02157,44462.0,29.64,0
876,H4TX02173,2316.0,1.54,0
877,H4TX03098,24876.0,17.99,0
878,H4TX04039,115084.0,77.47,1
879,H4TX04153,115085.0,100.0,1
880,H4TX06117,92334.0,61.15,1
881,H4TX07073,3135.0,2.19,0
882,H4TX08055,685.0,0.51,0
883,H4TX08105,14947.0,10.68,0
884,H4TX09095,78109.0,90.82,1
885,H4TX09129,7894.0,9.18,0
886,H4TX10028,60124.0,62.48,1
887,H4TX10093,109726.0,62.18,1
888,H4TX10184,6491.0,3.68,0
889,H4TX11034,11635.0,9.73,0
890,H4TX12032,3787.0,2.39,0
891,H4TX13014,110842.0,84.32,1
892,H4TX13063,16822.0,12.8,0
893,H4TX13071,2863.0,2.18,0
894,H4TX14079,52545.0,36.06,0
895,H4TX16082,2443.0,3.34,0
896,H4TX17098,43049.0,32.4,0
897,H4TX17106,4009.0,3.02,0
898,H4TX18054,76097.0,71.78,1
899,H4TX18096,1302.0,1.23,0
900,H4TX18112,2362.0,2.23,0
901,H4TX19102,90160.0,77.18,1
902,H4TX19136,107939.0,90.27,1
903,H4TX19235,5146.0,4.41,0
904,H4TX19276,21458.0,18.37,0
905,H4TX19292,54.0,0.05,0
906,H4TX21090,25505.0,13.49,0
907,H4TX22171,47844.0,31.57,0
908,H4TX22189,2861.0,1.89,0
909,H4TX23088,2933.0,2.54,0
910,H4TX24094,93712.0,65.04,1
911,H4TX24151,3813.0,2.65,0
912,H4TX25174,6300.0,3.54,0
913,H4TX27055,44152.0,33.69,0
914,H4TX27063,3553.0,2.71,0
915,H4TX28061,3475.0,4.56,0
916,H4TX28079,10153.0,13.34,0
917,H4TX30034,7154.0,6.76,0
918,H4TX30059,5598.0,5.29,0
919,H4TX31040,45715.0,31.96,0
920,H4TX32030,55325.0,35.44,0
921,H4TX33020,6823.0,13.49,0
922,H4TX34010,30811.0,38.57,0
923,H4TX35017,1294.0,1.34,0
924,H4TX36080,1951.0,1.46,0
925,H4UT01108,4847.0,3.73,0
926,H4UT01124,4534.0,3.49,0
927,H4UT02197,47585.0,32.55,0
928,H4UT02221,4509.0,3.08,0
929,H4UT02239,1734.0,1.19,0
930,H4UT02247,117.0,0.08,0
931,H4UT03153,32059.0,22.48,0
932,H4UT03195,3192.0,2.24,0
933,H4UT03203,1513.0,1.06,0
934,H4UT03211,2584.0,1.81,0
935,H4UT03237,280.0,0.2,0
936,H4UT04011,67425.0,45.81,0
937,H4UT04045,1424.0,0.97,0
938,H4UT04052,2032.0,1.38,0
939,H4VA01070,72059.0,34.38,0
940,H4VA02052,71178.0,41.13,0
941,H4VA04033,75270.0,37.52,0
942,H4VA04041,4427.0,2.21,0
943,H4VA05048,73482.0,35.85,0
944,H4VA05055,4298.0,2.1,0
945,H4VA06020,22161.0,12.33,0
946,H4VA06038,21447.0,11.93,0
947,H4VA07143 ,148026.0,60.83,1
948,H4VA07150,89914.0,36.95,0
949,H4VA07168,5086.0,2.09,0
950,H4VA08182,63810.0,31.42,0
951,H4VA08224 ,128102.0,63.08,1
952,H4VA08265,4409.0,2.17,0
953,H4VA08331,5420.0,2.67,0
954,H4VA08349,963.0,0.47,0
955,H4VA10071,89957.0,40.36,0
956,H4VA10089,125914.0,56.49,1
957,H4VA10147,2442.0,1.1,0
958,H4VA10154,946.0,0.42,0
959,H4VA11087,75796.0,40.36,0
960,H4VA11103,3264.0,1.74,0
961,H4VT00116,2071.0,1.08,0
962,H4VT00124,1685.0,0.88,0
963,H4WA01241,101428.0,44.96,0
964,H4WA02157,79518.0,39.43,0
965,H4WA03114,78018.0,38.47,0
966,H4WA04088,75307.0,49.19,0
967,H4WA04104,77772.0,50.81,1
968,H4WA05077,135470.0,60.68,1
969,H4WA05127,87772.0,39.32,0
970,H4WA06075,83025.0,37.02,0
971,H4WA07073,47921.0,19.03,0
972,H4WA08071,125741.0,63.27,1
973,H4WA08121,73003.0,36.73,0
974,H4WA09061,48662.0,29.17,0
975,H4WA10010,82213.0,45.3,0
976,H4WI03136,128.0,0.05,0
977,H4WI03144,119540.0,43.44,0
978,H4WI04183 ,179045.0,70.24,1
979,H4WI04266,7002.0,2.75,0
980,H4WI05099,101190.0,30.4,0
981,H4WI06048 ,169767.0,56.77,1
982,H4WI06071,122212.0,40.87,0
983,H4WI06113,6865.0,2.3,0
984,H4WI07095,112949.0,39.41,0
985,H4WI07103,5.0,0.0,0
986,H4WI07111,3686.0,1.29,0
987,H4WI08077,101345.0,34.94,0
988,H4WV01041,137.0,0.09,0
989,H4WV02072,67687.0,43.88,0
990,H4WV02080 ,72619.0,47.08,1
991,H4WV02130,7682.0,4.98,0
992,H4WV02148 ,9.0,0.01,0
993,H4WV02163,6250.0,4.05,0
994,H4WV02171,3.0,0.0,0
995,H4WV03070,77713.0,55.35,1
996,H4WY00170,37803.0,22.9,0
997,H6AK00045,142572.0,50.97,1
998,H6AL04098,132831.0,98.57,1
999,H6AZ07022,10715.0,14.79,0
1000,H6CA05195,97008.0,72.69,1
1001,H6CA22125,100317.0,74.84,1
1002,H6CA24113,86568.0,65.64,1
1003,H6CA39020,91319.0,68.54,1
1004,H6CA40234,37056.0,32.35,0
1005,H6CA46033,49738.0,59.7,1
1006,H6CO01141,183281.0,65.81,1
1007,H6CO03139,163011.0,57.98,1
1008,H6CO05159,157182.0,59.8,1
1009,H6CO07023,148225.0,55.07,1
1010,H6FL08130,9679.0,4.26,0
1011,H6FL08213,93850.0,53.97,1
1012,H6FL13148 ,169126.0,61.54,1
1013,H6FL17032 ,15239.0,10.16,0
1014,H6GA04129,161211.0,99.93,1
1015,H6GA05217,170326.0,100.0,1
1016,H6IA02146 ,143431.0,52.48,1
1017,H6IL05150,56350.0,30.62,0
1018,H6IL06117 ,160287.0,67.14,1
1019,H6IL06141 ,84178.0,55.73,1
1020,H6IL10127,66.0,0.03,0
1021,H6IL18146,1.0,,0
1022,H6KS01146,138764.0,67.97,1
1023,H6KY03124,157056.0,63.49,1
1024,H6KY05111,47617.0,21.75,0
1025,H6LA02173,24761.0,10.15,0
1026,H6LA07081,5182.0,2.0,0
1027,H6MD03292,128594.0,59.55,1
1028,H6MD04183,134628.0,70.18,1
1029,H6MD07160,144639.0,69.94,1
1030,H6MD08366,16.0,0.01,0
1031,H6MI01028,132710.0,79.49,1
1032,H6MI04113,116801.0,55.89,1
1033,H6MI12181,157069.0,68.68,1
1034,H6MN01174 ,122851.0,54.19,1
1035,H6MN05183,167079.0,70.79,1
1036,H6MO01246,8906.0,5.45,0
1037,H6MO05189,69071.0,44.96,0
1038,H6NC04037,169946.0,74.75,1
1039,H6NE03115 ,139440.0,75.39,1
1040,H6NH01230,116769.0,48.11,0
1041,H6NJ08118,82498.0,68.49,1
1042,H6NJ09058,1192.0,1.5,0
1043,H6NJ12136,104287.0,59.25,1
1044,H6NJ13191,61510.0,77.35,1
1045,H6NY03031,87264.0,45.22,1
1046,H6NY12115,1398.0,2.19,0
1047,H6NY19029,63437.0,80.96,1
1048,H6NY25125,72631.0,36.46,0
1049,H6OH04082,125907.0,67.67,1
1050,H6OK04098,2176.0,1.37,0
1051,H6OR02116 ,202374.0,70.41,1
1052,H6OR03064 ,211748.0,72.33,1
1053,H6OR04047,181624.0,58.55,1
1054,H6PA16197,101722.0,57.72,1
1055,H6TN01388,115533.0,82.84,1
1056,H6TN01495,9869.0,7.08,0
1057,H6TN09068,87376.0,74.97,1
1058,H6TX02079,101663.0,75.96,1
1059,H6TX08100,125066.0,89.32,1
1060,H6TX12060,113186.0,71.31,1
1061,H6TX15055,48708.0,54.01,1
1062,H6TX15113,39016.0,43.26,0
1063,H6TX21012,135660.0,71.78,1
1064,H6VA01117 ,139197.0,94.43,1
1065,H6VT00160,123349.0,64.41,1
1066,H6VT00228,2024.0,1.06,0
1067,H6WA09025,118132.0,70.83,1
1068,H6WI03099,155368.0,56.46,1
1069,H6WV04057,62688.0,44.65,0
1070,H8AS00052,268.0,2.62,0
1071,H8AZ01104 ,97391.0,52.61,1
1072,H8AZ04116,3858.0,5.32,0
1073,H8CA01109,129613.0,75.73,1
1074,H8CA03105,91066.0,49.6,0
1075,H8CA04152,126784.0,60.05,1
1076,H8CA05035,160067.0,83.25,1
1077,H8CA09060,168491.0,88.48,1
1078,H8CA12098,133060.0,67.75,1
1079,H8CA12171,114389.0,76.7,1
1080,H8CA20059,96053.0,72.04,1
1081,H8CA22089,103228.0,51.93,1
1082,H8CA34068,50353.0,59.66,1
1083,H8CA36097,59670.0,86.65,1
1084,H8CA42061,112082.0,64.12,1
1085,H8CA52052,111997.0,71.2,1
1086,H8CO01089,5503.0,1.99,0
1087,H8CO02137,196300.0,56.74,1
1088,H8CO06138,143467.0,51.9,1
1089,H8CT01046,127430.0,58.49,1
1090,H8CT02085,2602.0,1.14,0
1091,H8CT04172,101401.0,51.01,1
1092,H8DC00143,6073.0,3.53,0
1093,H8FL01099 ,54976.0,23.36,0
1094,H8FL15107 ,180728.0,65.84,1
1095,H8FL16022,141493.0,63.24,1
1096,H8FL25015,78306.0,48.54,0
1097,H8GA08035,119.0,0.09,0
1098,H8IA02043 ,129455.0,47.36,0
1099,H8ID02064 ,131492.0,61.36,1
1100,H8IL09067,141000.0,66.06,1
1101,H8IL14067 ,93436.0,53.46,1
1102,H8IL18043 ,184363.0,74.72,1
1103,H8IN01096,51000.0,35.84,0
1104,H8IN03068,6133.0,4.12,0
1105,H8IN07184,61443.0,54.73,1
1106,H8IN07259,46887.0,41.77,0
1107,H8KS02090,128742.0,57.04,1
1108,H8KY02031,156936.0,69.19,1
1109,H8KY06065,71694.0,32.27,0
1110,H8LA02054,152201.0,68.69,1
1111,H8LA04225,152683.0,73.43,1
1112,H8MA02041,167612.0,97.96,1
1113,H8MA05143,139104.0,62.96,1
1114,H8MA08071,142133.0,98.33,1
1115,H8MD01094,176342.0,70.42,1
1116,H8ME01120 ,186674.0,60.43,1
1117,H8MI05108,3366.0,1.58,0
1118,H8MI07039,5039.0,2.44,0
1119,H8MI11247,7711.0,3.07,0
1120,H8MN03077,167515.0,62.14,1
1121,H8MN06047 ,137778.0,56.04,1
1122,H8MO09153 ,130940.0,68.33,1
1123,H8MP00041,8549.0,65.28,1
1124,H8MS03067,117771.0,68.89,1
1125,H8MT01141,15402.0,4.19,0
1126,H8NC03043,66182.0,32.19,0
1127,H8NE02139 ,78157.0,45.57,0
1128,H8NE02204,9021.0,5.26,0
1129,H8NJ01192,1103.0,0.68,0
1130,H8NJ02133,612.0,0.35,0
1131,H8NJ03073,72190.0,59.93,1
1132,H8NJ04014,118826.0,67.96,1
1133,H8NJ04154,890.0,0.6,0
1134,H8NJ05052,104678.0,55.41,1
1135,H8NJ07041,1134.0,0.7,0
1136,H8NJ07041 ,1647.0,1.02,0
1137,H8NM01257,105474.0,58.59,1
1138,H8NM03196,113249.0,61.52,1
1139,H8NV03036 ,45643.0,56.84,1
1140,H8NY01148,77062.0,44.58,1
1141,H8NY04050,41814.0,30.01,0
1142,H8NY06048,75712.0,94.85,1
1143,H8NY07046,45370.0,79.31,1
1144,H8NY13069,41429.0,38.59,0
1145,H8NY19058,90088.0,89.74,1
1146,H8NY20056,89295.0,51.3,1
1147,H8NY21203,103437.0,50.62,1
1148,H8NY24066,113574.0,86.09,1
1149,H8NY29032,109171.0,53.61,1
1150,H8OH01043,124779.0,63.22,1
1151,H8OH05036,134449.0,66.46,1
1152,H8OH11133,55233.0,31.46,0
1153,H8OH11141,137105.0,79.45,1
1154,H8OH14103,7988.0,3.72,0
1155,H8OH15076 ,128496.0,66.02,1
1156,H8OK03047,36270.0,21.38,0
1157,H8OR03052,12106.0,4.14,0
1158,H8OR04134,6863.0,2.21,0
1159,H8OR05107 ,150944.0,53.7,1
1160,H8PA01153 ,131248.0,82.84,1
1161,H8PA05071,115018.0,63.6,1
1162,H8RI01084,6.0,0.0,0
1163,H8SC02098,68719.0,35.28,0
1164,H8TN02028,37612.0,22.56,0
1165,H8TN02069,120883.0,72.49,1
1166,H8TX05052,15264.0,14.64,0
1167,H8TX20127,64463.0,36.24,0
1168,H8TX21125,21410.0,24.34,0
1169,H8TX22107,100861.0,66.55,1
1170,H8TX22149,1563.0,1.96,0
1171,H8TX22180,3037.0,2.08,0
1172,H8UT03089,102952.0,72.21,1
1173,H8VA01147 ,131861.0,62.9,1
1174,H8VA11062 ,106780.0,56.86,1
1175,H8VT00141,2750.0,1.44,0
1176,H8WA07132,203954.0,80.97,1
1177,H8WI01024,182316.0,63.27,1
1178,H8WI02121 ,103619.0,31.51,0
1179,H8WI09050 ,231160.0,69.45,1
1180,H8WY00148,113038.0,68.47,1
1181,S6AL00195,795606.0,97.25,1
1182,S4AK00214 ,135445.0,47.96,1
1183,S8AK00090 ,129431.0,45.83,0
1184,S4AK00230,10512.0,3.72,0
1185,S4AK00115,5636.0,2.0,0
1186,S4AR00103 ,478819.0,56.5,1
1187,S0AR00028 ,334174.0,39.43,0
1188,S4AR00129,17210.0,2.03,0
1189,S4AR00111,16797.0,1.98,0
1190,S4AR00137,505.0,0.06,0
1191,S4CO00395,983891.0,48.2,1
1192,S8CO00172,944203.0,46.26,0
1193,S4CO00403,52876.0,2.59,0
1194,S4CO00387,29472.0,1.44,0
1195,S4CO00296,24151.0,1.18,0
1196,S4CO00411,6427.0,0.31,0
1197,S4CO00429,21.0,0.0,0
1198,S4CO00437,17.0,0.0,0
1199,S0DE00092,130655.0,55.83,1
1200,S2DE00064,98823.0,42.23,0
1201,S2DE00098,4560.0,1.95,0
1202,S4GA11285,1358088.0,52.89,1
1203,S4GA11277,1160811.0,45.21,0
1204,S4GA11327 ,48862.0,1.9,0
1205,S4GA11335,21.0,0.0,0
1206,S4GA11343,14.0,0.0,0
1207,S0GA00336,9.0,0.0,0
1208,S4HI00136,246827.0,69.77,1
1209,S4HI00102,98006.0,27.7,0
1210,S4HI00169,8941.0,2.53,0
1211,S8ID00092 ,285596.0,65.33,1
1212,S4ID00075 ,151574.0,34.67,0
1213,S6IL00151,1929637.0,53.55,1
1214,S2IL00119,1538522.0,42.69,0
1215,S4IL00479,135316.0,3.76,0
1216,S4IA00129 ,588575.0,52.1,1
1217,S4IA00087 ,494370.0,43.76,0
1218,S4IA00194 ,26815.0,2.37,0
1219,S4IA00186,8232.0,0.73,0
1220,S4IA00202,5873.0,0.52,0
1221,S4IA00210,4724.0,0.42,0
1222,S6KS00080,460350.0,53.15,1
1223,S8KS00227,368372.0,42.53,0
1224,S4KS00143,37469.0,4.33,0
1225,S2KY00012,806787.0,56.19,1
1226,S4KY00091,584698.0,40.72,0
1227,S4KY00182,44240.0,3.08,0
1228,S4KY00190,17.0,0.0,0
1229,S4KY00208,53.0,0.0,0
1230,S4KY00174,9.0,0.0,0
1231,S4LA00107,603048.0,40.97,0
1232,S6LA00227,619402.0,42.08,0
1233,S4LA00115,202556.0,13.76,0
1234,S4LA00149,14173.0,0.96,0
1235,S4LA00123,13034.0,0.89,0
1236,S4LA00156 ,11323.0,0.77,0
1237,S4LA00172,4673.0,0.32,0
1238,S4LA00164,3835.0,0.26,0
1239,S6ME00159 ,413495.0,68.46,1
1240,S4ME00071 ,190244.0,31.5,0
1241,S4ME00105 ,269.0,0.04,0
1242,S4MA00028,1289944.0,61.87,1
1243,S4MA00234,791950.0,37.98,0
1244,S4MI00355 ,1704936.0,54.61,1
1245,S4MI00363 ,1290199.0,41.33,0
1246,S4MI00371,62897.0,2.01,0
1247,S2MI00243,37529.0,1.2,0
1248,S4MI00413,26137.0,0.84,0
1249,S4MI00405,67.0,0.0,0
1250,S4MI00421,6.0,0.0,0
1251,S4MI00447,4.0,0.0,0
1252,S8MN00438 ,1053205.0,53.15,1
1253,S4MN00346 ,850227.0,42.91,0
1254,S4MN00437,47530.0,2.4,0
1255,S4MN00445,29685.0,1.5,0
1256,S8MS00055,378481.0,59.9,1
1257,S4MS00138,239439.0,37.89,0
1258,S4MS00062,13938.0,2.21,0
1259,S2MT00096,213709.0,57.79,1
1260,S4MT00159,148184.0,40.07,0
1261,S4MT00142,7933.0,2.15,0
1262,S4NE00090 ,347636.0,64.34,1
1263,S4NE00140 ,170127.0,31.49,0
1264,S4NE00124 ,15868.0,2.94,0
1265,S4NE00157 ,6260.0,1.16,0
1266,S0NH00219,251184.0,51.46,1
1267,S4NH00120,235347.0,48.21,0
1268,S4NJ00185 ,1043866.0,55.84,1
1269,S8NJ00012 ,791297.0,42.33,0
1270,S4NJ00318 ,16721.0,0.89,0
1271,S4NJ00326,5704.0,0.31,0
1272,S8NJ00418,4513.0,0.24,0
1273,S2NJ00460,3890.0,0.21,0
1274,S4NJ00243 ,3544.0,0.19,0
1275,S8NM00184,286409.0,55.56,1
1276,S4NM00100,229097.0,44.44,0
1277,S4NC00162,1423259.0,48.82,1
1278,S8NC00239,1377651.0,47.26,0
1279,S2NC00257,109100.0,3.74,0
1280,S4NC00287,621.0,0.02,0
1281,S4NC00295,201.0,0.01,0
1282,S4NC00279,142.0,0.0,0
1283,S4OK00083,558166.0,68.01,1
1284,S4OK00216,234307.0,28.55,0
1285,S4OK00224,10554.0,1.29,0
1286,S4OK00349,9913.0,1.21,0
1287,S4OK00331,7793.0,0.95,0
1288,S4OK00232,557002.0,67.85,1
1289,S4OK00307,237923.0,28.98,0
1290,S4OK00372,25965.0,3.16,0
1291,S8OR00207 ,814537.0,55.73,1
1292,S4OR00198 ,538847.0,36.87,0
1293,S4OR00222,44916.0,3.07,0
1294,S4OR00263,32434.0,2.22,0
1295,S4OR00255,24212.0,1.66,0
1296,S6RI00163,223675.0,70.58,1
1297,S4RI00044,92684.0,29.25,0
1298,S0SC00149,672941.0,54.27,1
1299,S4SC00364,456726.0,36.83,0
1300,S2SC00079,33839.0,2.73,0
1301,S4SC00109,47588.0,3.84,0
1302,S4SC00240,757215.0,61.12,1
1303,S4SC00307,459583.0,37.09,0
1304,S4SC00356,21652.0,1.75,0
1305,S4SD00049 ,140741.0,50.37,1
1306,S4SD00056,82456.0,29.51,0
1307,S8SD00024 ,47741.0,17.09,0
1308,S4SD00106,8474.0,3.03,0
1309,S2TN00058,850087.0,61.87,1
1310,S4TN00419,5.0,0.0,0
1311,S4TN00351,437848.0,31.87,0
1312,S4TN00492,36088.0,2.63,0
1313,S2TN00355,12570.0,0.91,0
1314,S4TN00427,11157.0,0.81,0
1315,S4TN00310,7713.0,0.56,0
1316,S4TN00484,5759.0,0.42,0
1317,S4TN00435,5678.0,0.41,0
1318,S4TN00450,2386.0,0.17,0
1319,S4TN00336,2314.0,0.17,0
1320,S4TN00476,1673.0,0.12,0
1321,S4TN00468,787.0,0.06,0
1322,S2TX00106,2861531.0,61.56,1
1323,S4TX00516,1597387.0,34.36,0
1324,S4TX00573,133751.0,2.88,0
1325,S4TX00557 ,54701.0,1.18,0
1326,S4TX00581,988.0,0.02,0
1327,S6VA00093,1073667.0,49.15,1
1328,S4VA00155,1055940.0,48.34,0
1329,S4VA00189,53102.0,2.43,0
1330,S4WV00159 ,281820.0,62.12,1
1331,S4WV00183 ,156360.0,34.46,0
1332,S4WV00266,7409.0,1.63,0
1333,S2WV00070,5504.0,1.21,0
1334,S4WV00274,2566.0,0.57,0
1335,S4WV00308,10.0,0.0,0
1336,S4WV00290,8.0,0.0,0
1337,S4WV00282,7.0,0.0,0
1338,S4WV00241,5.0,0.0,0
1339,S6WY00126 ,121554.0,72.19,1
1340,S4WY00097 ,29377.0,17.45,0
1341,S4WY00105,13311.0,7.9,0
1342,S4WY00154,3677.0,2.18,0
